Loc,Type,Date,Event,Title,Slides,Recording,Event Link
NJ,M,1/10/2012,HP Internal,Spring IoC,https://www.slideshare.net/bunkertor/brownbag001-spring-ioc-from-2012,,
NYC,M,8/4/2015,Redis Meetup NYC,Redis for Security Data,https://www.slideshare.net/bunkertor/redis-for-security-data-securityscorecard-jvm-redis-usage,,
NJ,M,3/22/2016,NJ Spark Meetup,Apache Spark Overview,https://www.slideshare.net/airisdata/apache-spark-overview-59903397?from_search=100,,
NJ,M,4/5/2016,NJ Spark Meetup,Parquet and AVRO,https://www.slideshare.net/airisdata/parquet-and-avro?from_search=79,,
NJ,M,4/19/2016,Hadoop Meetup,Apache Spark 1.6 with Zeppelin,https://www.slideshare.net/bunkertor/apache-spark-16-with-zeppelin-transformations-and-actions-on-rdds,,
NJ,M,7/14/2016,Future of Data Meetup Princeton,Intro to NiFi,https://www.slideshare.net/bunkertor/apache-nifi-meetup-princeton-nj-2016,,
NYC,C,3/21/2017,Oracle Code NYC,Ingesting Drone Data,https://www.slideshare.net/bunkertor/ingesting-drone-data-into-big-data-platforms,,
NJ,M,3/29/2017,Future of Data Meetup Princeton,Apache NiFi for Enterprise Data,https://www.slideshare.net/bunkertor/apache-nifi-ingesting-enterprise-data-at-scale,,
NJ,M,5/16/2017,Future of Data Meetup Princeton,Intro to Hadoop,https://www.slideshare.net/bunkertor/introduction-to-hadoop-76031567,,
NJ,M,6/20/2017,Future of Data Meetup Princeton,Intro to HDF 3.0,https://www.slideshare.net/bunkertor/introduction-to-hdf-30,,
NJ,M,8/8/2017,Future of Data Meetup Princeton,Deep Dive into HDF 3.0,https://www.slideshare.net/aldrinpiri/future-of-data-new-jersey-hdf-30-deep-dive,,
SYDNEY,C,9/20/2017,Data Works Summit Sydney,Real Time Ingestion,https://www.slideshare.net/bunkertor/realtime-ingesting-and-transforming-sensor-data-social-data-w-nifi-tensorflow,,
NJ,M,11/14/2017,Future of Data Meetup Princeton,Enterprise Data at Scale,https://www.slideshare.net/bunkertor/enterprise-data-science-at-scale-princeton-nj-14nov2017,https://www.meetup.com/futureofdata-princeton/events/244342137/,
NJ,M,2/18/2018,Future of Data Meetup Princeton,HDF 3.1 Introduction,https://www.slideshare.net/bunkertor/hdf-31-an-introduction-to-new-features,,
NJ,M,3/2/2018,Future of Data Meetup Princeton,Nifi with Spark,https://www.slideshare.net/bunkertor/running-apache-nifi-with-apache-spark-integration-options,,
Philly,C,4/5/2018,IoT Fusion Philly,Enterprise IIoT with NiFi,https://www.slideshare.net/bunkertor/enterprise-iiot-edge-processing-with-apache-nifi-92970386,,
Prague,M,4/12/2018,Future of Data Meetup Prague,Deep Learning on HDP,https://www.slideshare.net/bunkertor/deep-learning-on-hdp-2018-prague,,
Berlin,C,4/18/2018,Data Works Summit Berlin,MiNiFi and Apache NiFi IoT,https://www.slideshare.net/bunkertor/minifi-and-apache-nifi-iot-in-berlin-germany-2018,,
Berlin,C,4/19/2018,Data Works Summit Berlin,Apache Deep Learning 101,https://www.slideshare.net/bunkertor/apache-deep-learning-101-dws-berlin-2018,https://www.youtube.com/watch?v=bOfSnNVum_M&list=PL-7XqvSmQqfTEtNbnITDrgycfn3uny8LM&index=9&t=409s&ab_channel=DataWorksSummit,
Berlin,C,4/20/2018,Data Works Summit Berlin,Apache MXNet for IoT with NiFi,https://www.slideshare.net/bunkertor/apache-mxnet-for-iot-with-apache-nifi,https://www.youtube.com/watch?v=5w6rV7562xM&list=PL-7XqvSmQqfTEtNbnITDrgycfn3uny8LM&index=8&t=1497s&ab_channel=DataWorksSummit,
NYC,M,5/3/2018,NY Iot Meetup,IoT Edge Processing,https://www.slideshare.net/bunkertor/iot-edge-processing-with-apache-nifi-and-minifi-and-apache-mxnet-for-iot-ny-2018,,
Virtual,W,5/24/2018,Chariot Solutions Webinar,Enterprise IoT with NiFi,https://www.slideshare.net/bunkertor/enterprise-iiot-edge-processing-with-apache-nifi-92970386,https://www.youtube.com/watch?v=ksDKNp6Z4BE&list=PL-7XqvSmQqfTEtNbnITDrgycfn3uny8LM&index=10&t=39s&ab_channel=ChariotSolutions,
San Jose,C,6/19/2018,Data Works Summit San Jose,Open Computer Vision with OpenCV,https://www.slideshare.net/bunkertor/open-computer-vision-with-opencv-apache-nifi-tensorflow-python,https://www.youtube.com/watch?v=N0NLJo5y7RQ&list=PL-7XqvSmQqfTEtNbnITDrgycfn3uny8LM&index=14&t=1478s&ab_channel=DataWorksSummit,
NJ,M,6/29/2018,NJ Blockchain Meetup,Open Source Predictive Analytics,https://www.slideshare.net/bunkertor/open-source-predictive-analytics-pipeline-with-apache-nifi-and-minifi-princeton,,
NJ,M,8/17/2018,Future of Data Meetup Princeton,Hands on Deep Dive with MiNiFi,https://www.slideshare.net/bunkertor/handson-deep-dive-with-minifi-and-apache-mxnet,,
NYC,C,9/13/2018,Strata NYC,IoT Edge Processing,https://conferences.oreilly.com/strata/strata-ny-2018/public/schedule/speaker/185963.html,https://github.com/tspannhw/StrataNYC2018,
Montreal,C,9/27/2018,ApacheCon Montreal,Apache Deep Learning 101,https://www.slideshare.net/bunkertor/apache-deep-learning-101-apachecon-montreal-2018-v031,https://feathercast.apache.org/2018/10/02/apache-deep-learning-101-timothy-spann/,
Orlando,C,10/11/2018,Utilities Analytics Summit,Real-Time AI,,,
Philly,C,11/7/2018,Philly Open Source,Apache Deep Learning 201,https://www.slideshare.net/bunkertor/apache-deep-learning-201-philly-open-source,,
NJ,M,11/14/2018,Future of Data Meetup Princeton,Machine Learning and Deep Learning on HDP 301,https://www.slideshare.net/bunkertor/machine-learning-and-deep-learning-on-hdp-301-and-hdf-32,,
Orlando,C,12/1/2018,Utilities Analytics Summit,Providing AI Solutions to break data silos,https://utilityanalytics.com/webinar/providing-ai-solutions-to-break-the-data-silos-and-accelerate-utilities-into-the-forefront-of-data-driven-decisions/,,
NJ,M,1/24/2019,Chain Data NJ Meetup,Blockchain and Apache NiFi,https://www.slideshare.net/bunkertor/blockchain-and-apache-nifi,,
NJ,M,2/13/2019,Future of Data Meetup Princeton,Machine Learning in the Enterprise,https://www.slideshare.net/bunkertor/machine-learning-in-the-enterprise-2019,,
NJ,M,2/19/2019,Future of Data Meetup Princeton,Machine Learning in Enterprise,https://www.slideshare.net/bunkertor/machine-learning-in-the-enterprise-2019,,
NJ,M,3/4/2019,Future of Data Meetup Princeton,,https://www.slideshare.net/secret/1jQG42kPXiXC3f,,
Barcelona,M,3/20/2019,Future of Data Meetup Barcelona,Edge to AI Deep Dive,https://www.slideshare.net/bunkertor/the-edge-to-ai-deep-dive-barcelona-meetup-march-2019,,
Barcelona,C,3/21/2019,Data Works Summit Barcelona,Apache Deep Learning 201,https://www.slideshare.net/bunkertor/apache-deep-learning-201-barcelona-dws-march-2019,,
Barcelona,C,3/21/2019,Data Works Summit Barcelona,Edge to AI Analytics From Edge,https://www.slideshare.net/bunkertor/edge-to-ai-analytics-from-edge-to-cloud-with-efficient-movement-of-machine-data,,
NJ,M,4/19/2019,Future of Data Meetup Princeton,CDF Edge to AI with CEM,https://www.slideshare.net/bunkertor/cdf-edge-to-ai-with-cem-april-9-2019-princeton-fod-meetup,,
DC,C,5/22/2019,Data Works Summit DC,Apache Deep Learning 202,https://www.slideshare.net/bunkertor/apache-deep-learning-202-washington-dc-dws-2019,,
DC,C,5/23/2019,HBase Conference,Tracking Crime,https://www.slideshare.net/bunkertor/tracking-crime-as-it-occurs-with-apache-phoenix-apache-hbase-and-apache-nifi,,
DC,C,5/23/2019,Data Works Summit DC,Intro to NiFi,https://www.slideshare.net/bunkertor/introduction-to-apache-nifi-dws19-dws-dc-2019,,
DC,C,5/24/2019,Data Works Summit DC,Edge to AI,https://www.slideshare.net/bunkertor/edge-to-ai-analytics-from-edge-to-cloud-with-efficient-movement-of-machine-data-147411788,,
NYC,C,9/12/2019,Strata NYC,Streaming Workshop,https://github.com/tspannhw/StrataNYC2019,,
NJ,M,10/3/2019,Future of Data Meetup Princeton,IoT Edge Data Processing,https://www.slideshare.net/bunkertor/iot-edge-data-processing-with-nvidia-jetson-nano-oct-3-2019,,
Puerto Rico,C,10/24/2019,"Nethope Global Summit, Puerto Rico",NiFi for Non-Profits,https://github.com/tspannhw/NetHopeGlobalSummit2019NiFi/blob/master/NetHope2.pdf,,
NJ,M,12/10/2019,Future of Data Meetup Princeton,Introduction to Apache NiFi 1.10,https://www.slideshare.net/bunkertor/introduction-to-apache-nifi-110,,
NJ,M,12/10/2019,Future of Data Meetup Princeton,Cloudera Operational DB,https://www.slideshare.net/bunkertor/cloudera-operational-db-apache-hbase-apache-phoenix-205082677,,
NJ,M,12/10/2019,Future of Data Meetup Princeton,MMM FLaNK Stack MiNiFi,https://www.slideshare.net/bunkertor/mm-flank-stack-minifi-mxnet-flink-nifi-kudu-kafka,,
NJ,M,4/3/2020,Future of Data Meetup Princeton,Introduction to Apache NiFi 1.14,https://www.slideshare.net/bunkertor/introduction-to-apache-nifi-1114,,
NJ,M,5/7/2020,Meetup,Time Series Analysis,https://www.slideshare.net/bunkertor/time-series-analysis-dataflow,,
Virtual,W,6/11/2020,InRythm Talk,Integrations with Kafka,,https://www.youtube.com/watch?v=QWXXaRE1VUI&ab_channel=InRhythm,
Virtual,C,8/13/2020,Cloudera Event,Real-TimeStreaming ,,https://www.cloudera.com/about/events/virtual-events/realworld-streaming-analytics.html,
NJ,M,9/20/2020,Future of Data Meetup princeton,Flink Flank Fest,,https://www.youtube.com/watch?v=MQQ7qaKKKc8&ab_channel=DatainMotion,
Virtual,C,9/20/2020,ApacheCon Virtual,MiNiFi,,https://www.youtube.com/watch?v=7hSGHzEIIns&ab_channel=TheASF,
Virtual,C,9/29/2020,ApacheCon Virtual,Deep Learning,,https://www.youtube.com/watch?v=h6mS08WDRHY&ab_channel=TheASF,
Virtual,C,9/29/2020,ApacheCon Virtual,Using the FLaNK Stack,https://www.slideshare.net/bunkertor/using-the-flank-stack-for-edge-ai-apache-mxnet-apache-flink-apache-nifi-apache-kafka-apache-kudu,https://www.youtube.com/watch?v=VYNRo0pbFtg&ab_channel=TheASF,
Virtual,C,9/29/2020,ApacheCon Virtual,Incrementally Streaming RDBMS,https://www.slideshare.net/bunkertor/incrementally-streaming-rdbms-data-to-your-data-lake-automagically,https://www.youtube.com/watch?v=nPewLy7Zjkg&ab_channel=TheASF,
Virtual,C,9/29/2020,ApacheCon Virtual,Real-Time Stock Processing with NiFi,https://www.slideshare.net/bunkertor/real-time-stock-processing-with-apache-nifi-apache-flink-and-apache-kafka,https://www.youtube.com/watch?v=sTnyu3fRUwE&ab_channel=TheASF,
Virtual,C,9/29/2020,ApacheCon Virtual,Edge to Cloud,,https://www.youtube.com/watch?v=SVSGU5FdjO8&ab_channel=TheASF,
Virtual,M,9/29/2020,Future of Data Meetup princeton,,,https://www.youtube.com/watch?v=Mv-NNdiGFus&ab_channel=DatainMotion,
Virtual,C,10/9/2020,DevOps Stage,Lets Build a Simple Ingest to Cloud Datawarehouse,https://www.slideshare.net/bunkertor/lets-build-a-simple-ingest-to-cloud-datawarehouse-with-low-code,https://www.youtube.com/watch?v=CWU7JtMf5jc&ab_channel=CodeSpaceITeducation,
Virtual,C,10/22/2020,Flink Forward,,,https://www.youtube.com/watch?v=qyC2UXf1XdY&ab_channel=FlinkForward,
Virtual,M,10/22/2020,Meetup,Using the FLaNK Stack,https://www.slideshare.net/bunkertor/using-the-flank-stack-for-edge-ai-flink-nifi-kafka-kudu,,
Virtual,C,10/22/2020,Beam Summit,Using the FLaNK Stack,https://www.slideshare.net/bunkertor/using-the-flank-stack-for-edge-ai-apache-mxnet-apache-flink-apache-nifi-apache-kafka-apache-kudu-lightning,https://www.youtube.com/watch?v=Isj_gVFsbYc&ab_channel=ApacheBeam,
Virtual,C,10/26/2020,OSS Summit Europe,Learning the Basics of Apache NiFi,https://www.slideshare.net/bunkertor/learning-the-basics-of-apache-nifi-for-iot-oss-europe-2020,https://www.youtube.com/watch?v=HxU73SAKlOI,
Virtual,C,10/27/2020,AI Dev World Virtual,"Cracking the Nut, Solving Edge AI",https://www.slideshare.net/bunkertor/cracking-the-nut-solving-edge-ai-with-apache-tools-and-frameworks,,
Virtual,C,10/27/2020,Flink Forward,Using the MMM FLaNK Stack,,https://www.youtube.com/watch?v=qyC2UXf1XdY&ab_channel=FlinkForward,
Virtual,M,10/29/2020,Future of Data Meetup London,Streaming with Flink,https://www.slideshare.net/bunkertor/cloudera-streaming-with-flink-oct-29-2020-meetup-london,,
Virtual,C,10/29/2020,Nethope Global Summit,,https://nethope.org/articles/the-nethope-global-summit-is-going-virtual/,,
Virtual,W,11/10/2020,Fitness Tech Conf NYC Variis,Fast Data for Fitness,https://www.slideshare.net/bunkertor/fast-data-for-fitness-10-nov-2020,,
Virtual,C,11/25/2020,Big Data Conference,Intro to Flank Stack,,https://www.youtube.com/watch?v=WRAFD88PNFw&ab_channel=DATAMINER,
Virtual,C,12/14/2020,MXNet Day,Using Apache MXNet in Production,https://www.slideshare.net/bunkertor/using-apache-mx-net-in-production-deep-learning-streaming-pipelines,https://youtu.be/-GZjtHUNW58,
Virtual,C,3/3/2021,Microsoft Ignite,NiFi. ,,,
Virtual,C,3/10/2021,BluePrint LDN,Kafka,,,
Virtual,C,3/13/2021,Cloudera Now 2021,Ingest Event Data,,https://www.youtube.com/watch?v=DD1jkY3Gl-w&ab_channel=Cloudera%2CInc.,
Virtual,W,3/16/2021,Demo Jam for Apache NiFi,NiFi,https://www.cloudera.com/about/events/webinars/live-nifi-demo-jam-continues-demystify-apache-nifi-monitoring-capabilities.html,,
Virtual,W,3/17/2021,Cloudera Partner Fest,Build in the Cloud: Delivering Analysis-Ready Data Pipelines From Streaming Data.,,,
Virtual,W,3/23/2021,Cloudera Partner Kick Off,Cloudera Partner Kick Off. Streaming SQL and Data Flow,,,
Virtual,M,3/25/2021,Future of Data Meetup Princeton,Flink SQL for Continuous SQL ETL Apps,https://www.slideshare.net/bunkertor/flink-sql-for-continuous-sql-etl-apps-apache-nifi-devops,https://www.youtube.com/watch?v=RRpJR9C6puA,
Virtual,W,4/7/2021,"Cloudera DataFlow ""Ask the Experts""","Cloudera DataFlow ""Ask the Experts""",https://www.linkedin.com/feed/update/urn:li:activity:6777644559494070272/,,
Virtual,C,4/15/2021,DataCon LA,Real-Time Streaming Pipelines with FLANK,https://www.slideshare.net/sawjd/realtime-streaming-pipelines-with-flank?from_search=114,,
Virtual,C,4/21/2021,Emerging Tech Day,,,,
Virtual,M,4/21/2021,Boston Meetup,"Hello, NiFi",https://www.meetup.com/futureofdata-boston/events/276872501/,,
Virtual,W,4/22/2021,Live Demo Jam,Live Demo Jam Continues: Next-Gen Apache NiFi,https://www.cloudera.com/about/events/webinars/demo-jam-live-expands-nifi-kafka-flink.html,https://www.slideshare.net/bunkertor/live-demo-jam-expands-the-leadingedge-streaming-data-platform-with-nifi-kafka-and-flink,
Virtual,C,4/27/2021,Developer Week Europe,Apache NiFi,https://www.slideshare.net/bunkertor/cracking-the-nut-solving-edge-ai-with-apache-tools-and-frameworks-247119418,,
Virtual,M,5/6/2021,Future of Data Meetup NYC,Continous SQL with SQL Stream Builder,https://www.slideshare.net/bunkertor/continus-sql-with-sql-stream-builder,,
Virtual,C,5/19/2021,Big Data Conference,Intro to Flank Stack,,https://www.youtube.com/watch?v=WRAFD88PNFw&embeds_origin=https%3A%2F%2Fmedia-src.linkedin.com&feature=emb_imp_woyt,
Virtual,W,5/21/2021,Live Demo Jam,Expands the Leading Edge Streaming Data,https://www.slideshare.net/bunkertor/live-demo-jam-expands-the-leadingedge-streaming-data-platform-with-nifi-kafka-and-flink,,
Virtual,C,6/26/2021,AI and IoT Bulgaria,,,https://www.youtube.com/watch?v=zCy8ZoqiehM&ab_channel=MihailMateev,
Virtual,M,7/15/2021,Future of Data Boston Meetup,Introduction to Apache Kafka,https://www.slideshare.net/bunkertor/hello-kafka-an-introduction-to-apache-kafka,https://www.youtube.com/watch?v=lYe06nLZm3A,
Virtual,C,7/23/2021,Data Science Online Camp,Continous SQL with Apache Streaming FLaNK and FLiP,https://www.slideshare.net/bunkertor/continuous-sql-with-apache-streaming-flank-and-flip-250003230,https://www.youtube.com/watch?v=Ff34sy8C7kE&list=PLlmpIaH7URGXvyslOrhSG8KAfZf56vtr3&index=67,
Virtual,C,7/29/2021,Conf42: ML,Hail Hydrate from Stream to Lake,https://noti.st/tspannhw/jpsAVU/hail-hydrate-from-stream-to-lake,https://www.youtube.com/watch?v=CfCp_xPvxCg,
Virtual,C,8/18/2021,World Festival,Continous SQL with Apache Streaming FLaNK and FLiP,https://www.slideshare.net/bunkertor/continuous-sql-with-apache-streaming-flank-and-flip-250003230,,
Virtual,C,8/21/2021,ApacheCon Asia,FLank Stack for Streaming Use Cases,,https://www.youtube.com/watch?v=2G-ri_r1Tdk&t=1134s,
Virtual,C,9/20/2021,Music City Tech,Hail Hydrate from Stream to Lake,https://www.slideshare.net/bunkertor/music-city-data-hail-hydrate-from-stream-to-lake,,
Virtual,C,9/20/2021,DataCon LA,Codeless Pipelines with pulsar and flink,https://www.slideshare.net/bunkertor/codeless-pipelines-with-pulsar-and-flink,https://www.youtube.com/watch?v=poYiDnEeKL8&t=4s,
Virtual,C,9/21/2021,ApacheCon,Apache Deep Learning 302,https://www.slideshare.net/bunkertor/apachecon-2021-apache-deep-learning-302,,
Virtual,C,9/21/2021,ApacheCon,Apache NiFi Deep Dive 300,https://www.slideshare.net/bunkertor/apachecon-2021-apache-nifi-deep-dive-300,https://www.youtube.com/watch?v=dQ_IxQMbFRE&t=9s,
Virtual,C,9/21/2021,ApacheCon,Cracking the Nut with Apache Pulsar FLiP,https://www.slideshare.net/bunkertor/apachecon-2021-cracking-the-nut-with-apache-pulsar-flip,,
Virtual,C,9/21/2021,ApacheCon,Smart Transit Real-Time Transit,https://www.slideshare.net/bunkertor/apachecon-2021-smart-transit-realtime-transit-information-with-flip,,
Virtual,C,9/21/2021,ApacheCon,Apache NiFi 101,https://www.slideshare.net/bunkertor/apachecon-2021-apache-nifi-101-introduction-and-best-practices,https://www.youtube.com/watch?v=jeyiCY_YTVk&t=1535s,
Virtual,C,9/24/2021,Scenic City Summit,Realtime Streamin in Any and All Clouds,https://www.slideshare.net/bunkertor/scenic-city-summit-2021-realtime-streaming-in-any-and-all-clouds-hybrid-and-beyond,,
Virtual,C,9/27/2021,Big Data Conference,Realtime Streaming in Any and All Clouds,https://www.slideshare.net/bunkertor/big-data-conference-europe-realtime-streaming-in-any-and-all-clouds-hybrid-and-beyond,,
Virtual,C,9/27/2021,Open Source Summit,Hail Hydrate from Stream to Lake,https://www.slideshare.net/bunkertor/hail-hydrate-from-stream-to-lake-using-open-source,https://www.youtube.com/watch?v=v7bQldwbZQE&list=PLbzoR-pLrL6q8QMGJ4dFnqejkHDm76kJV&index=108&ab_channel=TheLinuxFoundation,
Virtual,W,9/30/2021,SN Webinar,Developing Event Driven apps with Flink SQL,https://www.youtube.com/watch?v=VPN7bCEezgE&ab_channel=StreamNative,,
Virtual,C,10/6/2021,Pulsar Summit Europe,Using the FLiPN Stack for Edge AI,https://www.slideshare.net/bunkertor/using-the-flipn-stack-for-edge-ai-flink-nifi-pulsar,,
Virtual,M,10/13/2021,Cloud Lunch and Learn,Realtime Streaming in Azure,https://www.slideshare.net/bunkertor/cloud-lunch-and-learn-realtime-streaming-in-azure,https://www.youtube.com/watch?v=TP3VQ2rkvzg,
Virtual,C,10/14/2021,Activate Conference,Realtime Cloud Native Open Source Streaming,https://www.slideshare.net/bunkertor/real-time-cloud-native-open-source-streaming-of-any-data-to-apache-solr,https://vimeo.com/628573854,
Virtual,C,10/15/2021,DBCC Data Blaster,FLiP Stack for Cloud Data Lakes,https://www.slideshare.net/bunkertor/dbcc-2021-flip-stack-for-cloud-data-lakes,,
Virtual,C,10/19/2021,DevNetCreate,NiFi Intro,https://developer.cisco.com/devnetcreate/,https://youtu.be/eDy_sFIRN9A,
Virtual,W,10/21/2021,Twitch Streaming,Round Table,https://www.twitch.tv/manningpublications,,
Virtual,C,10/22/2021,Big Mountain Data and Dev Conference,Apache Pulsar with MQTT for Edge Computing,https://www.slideshare.net/bunkertor/big-mountain-data-and-dev-conference-apache-pulsar-with-mqtt-for-edge-computing,https://www.youtube.com/channel/UCG7UFURIYnTiyeBGDBw15SA,
Virtual,C,10/22/2021,Trino Summit,FLiP into Trino,https://www.slideshare.net/bunkertor/flip-into-trino,https://www.starburst.io/resources/trino-summit/?wchannelid=2ug6mgs5ao&amp;wmediaid=aym9rv6ax8&amp;wvideo=aym9rv6ax8,
Virtual,C,10/27/2021,AI Dev World Virtual,"Utilizing Apache Pulsar, Apache NiFi and MiNiFi",https://www.slideshare.net/bunkertor/ai-dev-world-utilizing-apache-pulsar-apache-ni-fi-and-minifi-for-edgeai-iot-at-scale,,
Virtual,C,10/27/2021,InfluxDays,Using FLiP with InfluxDB,https://www.slideshare.net/bunkertor/using-flip-with-influxdb-for-edgeai-iot-at-scale,https://www.youtube.com/watch?v=BlsQyVi-B-Y,
Virtual,C,10/27/2021,Flink Forward,Pulsar and Flink for Unified Streaming,https://www.flink-forward.org/global-2021/conference-program,,
Virtual,C,10/28/2021,API World,Apache NiFi 101,https://www.slideshare.net/bunkertor/api-world-apache-nifi-101,,
Virtual,C,11/2/2021,OSA Conference,Hello Hydrate from Stream to Clickhouse,https://www.slideshare.net/bunkertor/osacon-2021-hello-hydrate-from-stream-to-clickhouse-with-apache-pulsar-and-friends,https://www.youtube.com/watch?v=K9MOiG1oz-0,
Virtual,C,11/10/2021,PASS Data Community Summit,Realtime Streaming in Azure with Apache Pulsar,https://www.slideshare.net/bunkertor/pass-data-community-summit-2021-realtime-streaming-in-azure-with-apache-pulsar,,
Virtual,C,11/15/2021,Automation DevOps Summit,Hail Hydrate from Stream to Lake,https://www.slideshare.net/bunkertor/automation-dev-ops-summit-hail-hydrate-from-stream-to-lake,,
Virtual,C,11/19/2021,Porto Tech Hub,Hail Hydrate from Stream to Lake,https://www.slideshare.net/bunkertor/portotechhub-hail-hydrate-from-stream-to-lake-with-apache-pulsar-and-friends,https://www.youtube.com/watch?v=vDfKKNLypnA&t=7s,
Virtual,C,12/3/2021,DataScience Online Camp,Using the FLiPN Stack for Edge AI,https://www.slideshare.net/bunkertor/data-science-online-camp-using-the-flipn-stack-for-edge-ai-flink-nifi-pulsar,,
Virtual,M,1/13/2022,Meetup,Event driven with pulsar,,https://www.youtube.com/watch?v=mg7RLwV3x1M,
Virtual,C,1/21/2022,Data Minutes,Apache Pulsar with MQTT for Edge Computing,https://www.slideshare.net/bunkertor/data-minutes-2-apache-pulsar-with-mqtt-for-edge-computing-lightning-2022,https://www.youtube.com/watch?v=sPGyl6XgGHw&t=10s,
Virtual,C,1/29/2022,DevFest UK,Using Apache NiFi with Apache Pulsar for Fast Data,https://www.slideshare.net/bunkertor/devfest-uk-ireland-using-apache-nifi-with-apache-pulsar-for-fast-data-onramp-2022,,
Virtual,C,2/10/2022,Scylla Summit,FLiP Into ScyllaDB,https://www.slideshare.net/bunkertor/streamnative-flip-into-scylladb-scylla-summit-2022,,
Virtual,C,2/12/2022,ElasticSearch Conference,Ingesting Data at Scale into ElasticSearch,https://www.slideshare.net/bunkertor/ingesting-data-at-scale-into-elasticsearch-with-apache-pulsar,,
Virtual,C,2/22/2022,Pulsar Summit Asia,Apache Pulsar with MQTT for Edge Computing,https://www.slideshare.net/bunkertor/pulsar-summit-asia-2021-apache-pulsar-with-mqtt-for-edge-computing,https://www.youtube.com/watch?v=vV1E6KDF5-0&t=2s,
Virtual,C,2/22/2022,Pulsar Summit Asia,Building Modern Streaming apps,,https://www.youtube.com/watch?v=VhVs6fuf7W8&t=296s,
Virtual,C,2/22/2022,Pulsar Summit Asia,Using the FLiPN Stack for Edge AI,https://www.slideshare.net/bunkertor/using-the-flipn-stack-for-edge-ai-flink-nifi-pulsar-251224832,,
Virtual,C,2/22/2022,Pulsar Summit Asia,Apache Pulsar 101 Development,,https://www.youtube.com/watch?v=Z9zAnKBcGKI&t=5s,
Virtual,W,2/22/2022,ADT Mag Influx Webinar,Using FLiP with InfluxDB,https://www.slideshare.net/bunkertor/using-flip-with-influxdb-for-edgeai-iot-at-scale-2022-251225727,,
Virtual,M,3/11/2022,Pulsar Meetup,Apache Pulsar + Apache NiFi for Cloud Data Lake,https://www.slideshare.net/bunkertor/march-sn-meetup-apache-pulsar-apache-nifi-for-cloud-data-lake,,
Virtual,C,3/11/2022,SQL Bits,Apache NiFi 101 Introduction and Best Practices,https://www.slideshare.net/bunkertor/sql-bits-apache-nifi-101-introduction-and-best-practices,,
Virtual,C,3/18/2022,Python Web Conference,Apache Pulsar Development 101 with Python,https://www.slideshare.net/bunkertor/python-web-conference-2022-apache-pulsar-development-101-with-python-f-lippy,https://www.youtube.com/watch?v=H88re4p-DoU&t=2036s,
Virtual,M,3/30/2022,Open Source Bristol,Apache Pulsar,https://www.slideshare.net/bunkertor/open-source-bristol-30-march-2022,https://www.youtube.com/watch?v=ZjQmP17JgEs&list=PLlmpIaH7URGXvyslOrhSG8KAfZf56vtr3&index=50,
NYC,C,4/1/2022,ML Conf NYC,Event Driven Machine Learning at Scale,https://www.slideshare.net/bunkertor/mlconf-2022-nyc-eventdriven-machine-learning-at-scalepdf,,
Virtual,W,4/7/2022,Live Demo Jam Expands,Flink,,https://www.youtube.com/watch?v=Ss2ace7lYXs&t=89s,
Atlanta,C,4/14/2022,DevNexus,Designing Event Driven Applications,https://www.slideshare.net/bunkertor/designing-eventdriven-applications-with-apache-nifi-apache-flink-apache-spark-and-apache-pulsar,,
Virtual,C,4/20/2022,Philly ETE,Deep Dive into Building Streaming Apps with Apache Pulsar,https://www.slideshare.net/bunkertor/deep-dive-into-building-streaming-applications-with-apache-pulsar-1pdf,https://www.youtube.com/watch?v=vJdbdTemBnQ&t=407s,
Virtual,C,4/28/2022,Conf42 Cloud Native,Apache Pulsar Development 101,https://www.youtube.com/watch?v=RFdafFaLvBw&t=1306s&ab_channel=Conf42,,
Virtual,M,5/4/2022,Clickhouse Meetup,Fast Streaming into Clickhouse with Apache Pulsar,https://www.slideshare.net/bunkertor/fast-streaming-into-clickhouse-with-apache-pulsar-pdf,https://www.youtube.com/watch?v=Sg7I2GHYmtg&t=7s&ab_channel=Altinity,
Virtual,C,5/16/2022,Data on Kubernetes Day @ Kubecon CloudNativeCon EU 2022,Serverless Event Streaming Apps as Functions on K8,https://www.slideshare.net/bunkertor/serverless-event-streaming-applications-as-functionson-k8,,
Valencia,C,5/17/2022,Batch + HP Day,Fast Data on Ramp with Apache Pulsar on K8,https://www.slideshare.net/bunkertor/fast-data-onramp-with-apache-pulsar-on-k8pdf,,
Barcelona,C,5/26/2022,Spring I/O Barcelona,The Dream Stream Team for Pulsar and Spring,https://www.slideshare.net/bunkertor/the-dream-stream-team-for-pulsar-and-spring,https://www.youtube.com/watch?v=kFfN7Ao5lMw&t=1s,
Virtual,C,6/15/2022,Budapest Data Forum,Unified Messaging and Data Streaming 101,https://www.slideshare.net/bunkertor/unified-messaging-and-data-streaming-101,,
Virtual,W,6/21/2022,MasterClass,ScyllaDB+Pulsar,https://www.scylladb.com/2022/06/09/distributed-data-systems-masterclass-what-to-expect/,,
Virtual,C,7/25/2022,Code on the Beach,Streaming Apps with Apache Pulsar,https://www.slideshare.net/bunkertor/codeonthebeachstreaming-applications-with-apache-pulsarpdf,https://www.youtube.com/watch?v=gCroAjk5D_Q&t=1713s,
Virtual,M,7/26/2022,SF Big Analytics Meetup,Modern Data Processing Big Data,https://www.slideshare.net/bunkertor/modern-data-processing-big-data-analytical-streaming-data-pipelines,,
Virtual,C,7/29/2022,ApacheCon Asia,FLiPN Awesome Streaming with Open Source,https://www.slideshare.net/bunkertor/flipn-awesome-streaming-with-open-source,https://www.youtube.com/watch?v=QTnYVlmyCOw,
Virtual,C,7/29/2022,ApacheCon Asia,Citizen Streaming Engineer:  A How To,https://www.slideshare.net/bunkertor/citizen-streaming-engineer-a-how-to,https://www.youtube.com/watch?v=aJ-IXbrKAOc&t=12s,
Virtual,C,8/2/2022,Python Web Conference,Apache Pulsar Development 101 with Python FLiP-PY,https://www.slideshare.net/bunkertor/python-web-conference-2022-apache-pulsar-development-101-with-python-flippy,,
Virtual,C,8/4/2022,Data Idols,Using the FLiPN Stack for Edge AI,https://www.slideshare.net/bunkertor/using-the-flipn-stack-for-edge-ai-flink-nifi-pulsar-252430538,,
Austin,C,8/5/2022,Current Event,Let's Monitor the Conditions at the Conference,https://www.slideshare.net/bunkertor/current22-lets-monitor-the-conditions-at-the-conference,,
SF,C,8/18/2022,Pulsar Summit US,Apache Pulsar Development 101 with Python,https://www.slideshare.net/bunkertor/apache-pulsar-development-101-with-python,,
Philly,C,9/9/2022,Comcast Labs Connect,Building FLiPN Stack Edge AI Apps,https://www.slideshare.net/bunkertor/building-flipn-stack-edge-ai-applications,,
Virtual,C,9/16/2022,Open Source Summit EU,Deep Dive into Building Streaming Apps with Apache Pulsar,https://www.slideshare.net/bunkertor/oss-eu-deep-dive-into-building-streaming-applications-with-apache-pulsar,https://www.youtube.com/watch?v=mV6i9i3mh5U&t=1043s,
Chicago,C,9/27/2022,JConf.Dev,Apache Pulsar Development 101 with java,https://www.slideshare.net/bunkertor/jconfdev-2022-apache-pulsar-development-101-with-java,https://www.youtube.com/watch?v=yU3UVhLz1Io&t=2075s,
Austin,M,10/3/2022,Aerospike Austin Meetup,Unified Messaging and Streaming,https://www.slideshare.net/bunkertor/meetup-unified-messaging-and-streaming,,
NOLA,C,10/6/2022,ApacheCon NOLA,Citizen Streaming Engineer:  A How To,https://www.slideshare.net/bunkertor/apachecon2022citizen-streaming-engineer-a-how-to,,
NOLA,C,10/6/2022,ApacheCon NOLA,Deep Dive into Building Streaming Apps with Apache Pulsar,https://www.slideshare.net/bunkertor/apachecon2022deep-dive-into-building-streaming-applications-with-apache-pulsar,,
Virtual,P,10/13/2022,Crossing the Streams,Messaging and Event Streaming,https://www.youtube.com/watch?v=S_ITzEH0Nl4&t=7s&ab_channel=StreamNativeCommunity,,
Virtual,C,10/20/2022,Conf42:  KubeNative,Building Realtime Pulsar Apps on K8,https://www.slideshare.net/bunkertor/conf42kubenative-building-realtime-pulsar-apps-on-k8,https://www.youtube.com/watch?v=346PAVtrJNE&t=24s,
Virtual,C,10/28/2022,DokDays NA,Architecting your first event driven serverless streamings app on k8,https://www.slideshare.net/bunkertor/dokdayna2022-architecting-your-first-event-driven-serverless-streaming-applications-on-k8,,
Virtual,P,10/28/2022,Crossing the Streams,the history of pulsar,https://www.youtube.com/watch?v=U8aPBhlvDHU&ab_channel=StreamNativeCommunity,,
Virtual,C,11/2/2022,AI Dev World Virtual,Build ML Enhanced Event Streaming,https://www.slideshare.net/bunkertor/ai-dev-world-2022-build-ml-enhanced-event-streaming,,
NYC,R,11/3/2022,Aerospike Roadshow NYC,Apache Pulsar Unifies Streaming and Messaging,https://www.slideshare.net/bunkertor/aerospikeroadshow-apache-pulsar-unifies-streaming-and-messaging-for-realtime-data,,
Virtual,C,11/10/2022,AllDayDevops,FLiP Stack for Cloud Data Lakes,https://www.slideshare.net/bunkertor/all-day-devops-flip-stack-for-cloud-data-lakes,,
Virtual,C,11/15/2022,OSA Conference,Streaming Data Made Easy,https://www.slideshare.net/bunkertor/osa-con-2022-streaming-data-made-easy,,
Virtual,C,11/23/2022,Big Data Conference,FLiP into Pulsar Apps,https://www.slideshare.net/bunkertor/bigdata-2022-flip-into-pulsar-apps,,
Virtual,C,11/29/2022,Machine Intelligence Guild,Build ML Enhanced Event Streaming Apps with java and Python,https://www.slideshare.net/bunkertor/machine-intelligence-guild-build-ml-enhanced-event-streaming-applications-with-java-and-python-microservices,,
Virtual,C,12/8/2022,DSCamp Online,Apache Pulsar for ML,,https://www.youtube.com/watch?v=4Fh48IL3rUA&t=13s,
NYC,M,12/14/2022,Pulsar Meetup NYC,Building Realtime Requires a Team,https://www.slideshare.net/bunkertor/nyc-dec-2022-meetup-building-realtime-requires-a-team,https://www.youtube.com/watch?v=k8Eey16OQMg&t=282s&pp=ygUQIlRpbSBTcGFubiIgbmlmaQ%3D%3D,
NJ,M,12/16/2022,Pulsar Meetup Princeton,NiFi-Flink-Pulsar,https://www.slideshare.net/bunkertor/princeton-dec-2022-meetup-nifi-flink-pulsar,,
Virtual,C,1/13/2023,Data Science Online Camp,Pulsar for ML,,https://www.youtube.com/watch?v=4Fh48IL3rUA&t=3s,
Virtual,C,1/27/2023,Conf42: DevOps,Modern Data Streaming Apps with Python,https://www.slideshare.net/bunkertor/building-modern-data-streaming-apps-with-python,https://www.youtube.com/watch?v=OBLRKO67xxE&t=127s,
Virtual,C,1/27/2023,Scylla Summit,Sink Your Teeth into Streaming at Any Scale,https://www.slideshare.net/bunkertor/sink-your-teeth-into-streaming-at-any-scale,https://www.scylladb.com/presentations/sink-your-teeth-into-streaming-at-any-scale/,
Virtual,C,1/27/2023,Spring One / Tanzu Virtual,Let's Keep it Simple and Streaming,https://www.slideshare.net/bunkertor/lets-keep-it-simple-and-streaming,https://www.youtube.com/watch?v=m7Xe6ZddSFg,
Virtual,C,1/27/2023,Spring One / Tanzu Virtual,Living the Stream Dream with Pulsar and Spring Boot,https://www.slideshare.net/bunkertor/living-the-stream-dream-with-pulsar-and-spring-boot,,
Virtual,M,1/27/2023,Meetup,Why Spring Belongs in Your Data Stream from Edge to Multicloud,https://www.slideshare.net/bunkertor/why-spring-belongs-in-your-data-stream-from-edge-to-multicloud,,
Virtual,W,1/30/2023,StreamNative Webinar,Using Pulsar REST API,https://www.youtube.com/watch?v=pds3gizWEyw&ab_channel=StreamNative,,
Virtual,C,2/21/2023,Online Summit for Java Devs,Living the Stream Dream with Pulsar and Spring Boot,https://www.slideshare.net/bunkertor/living-the-stream-dream-with-pulsar-and-spring-boot-256064590,,
Virtual,M,2/23/2023,Rising Wave Streaming Meetup,The Next Generation of Streaming,https://www.slideshare.net/bunkertor/the-next-generation-of-streaming,https://www.youtube.com/watch?v=5lFXI5333mg&ab_channel=RisingWave,
Virtual,C,3/9/2023,Hazelcast Unconference,Roundtable,https://www.slideshare.net/bunkertor/unconference-round-table-notes,https://hazelcast.com/resources/real-time-stream-processing-roundtable-featuring-industry-practitioners/,
Virtual,C,3/9/2023,Conf42: Python,Python Pulsar,https://www.slideshare.net/bunkertor/conf42-python-ml-enhanced-event-streaming-apps-with-python-microservices,https://www.youtube.com/watch?v=1NPgN91FrPU&t=319s&ab_channel=Conf42,
Philly,M,3/15/2023,Philly JUG,Intro to Apache Pulsar for Java,https://www.slideshare.net/bunkertor/phillyjug-getting-started-with-realtime-cloud-native-streaming-with-java,https://www.youtube.com/watch?v=ufQwbpmLIi4&list=PLlmpIaH7URGXvyslOrhSG8KAfZf56vtr3&index=48,
Virtual,C,3/16/2023,Python Web Conference,Pulsar for ML,https://www.slideshare.net/bunkertor/pythonwebconference-cloud-native-apache-pulsar-development-202-with-python,,
NJ,C,3/17/2023,Trenton Computer Festival Pro,Modern Streaming,https://www.slideshare.net/bunkertor/itpc-building-modern-data-streaming-apps,https://www.youtube.com/watch?v=iT60STl-Wuk&list=PLlmpIaH7URGXvyslOrhSG8KAfZf56vtr3&index=52,
Virtual,M,3/30/2023,Pulsar Meetup NYC,Pulsar + Flink,,https://www.youtube.com/watch?v=PywcAsMBiKs&pp=ygUQIlRpbSBTcGFubiIgbmlmaQ%3D%3D,
Virtual,C,3/31/2023,Warsaw IT,NiFi 202,https://www.slideshare.net/bunkertor/warsawitdays-apachenifi202,,
Atlanta,C,4/4/2023,DevNexus,Pulsar,https://www.slideshare.net/bunkertor/devnexus-apache-pulsar-development-101-with-java,https://www.youtube.com/watch?v=-qzPgwmE32I&pp=ygUOdGltIHNwYW5uIG5pZmk%3D,
SF,M,4/25/2023,FoD Meetup,Streaming Data Pipeline Development,https://www.meetup.com/futureofdata-sanfrancisco/events/292453316/,https://youtu.be/HeXTwpsIvxo,
SF,C,4/26/2023,Real Time Analytics Summit,"Pulsar, Pinot, Flink, NiFi",https://www.slideshare.net/bunkertor/rtas-2023-building-a-realtime-iot-application,https://www.youtube.com/watch?v=NMgkPFEQ0jA&pp=ygUOdGltIHNwYW5uIG5pZmk%3D,https://rtasummit.com/session/building-a-real-time-iot-application-with-apache-pulsar-and-apache-pinot/
Virtual,W,5/3/2023,Meet the Committers,Intro,https://www.slideshare.net/bunkertor/meet-the-committers-webinar-lab-preparation,https://www.youtube.com/watch?v=TftfqToEduw&list=PLlmpIaH7URGXvyslOrhSG8KAfZf56vtr3&index=68,
NJ,M,5/9/2023,GSJug,Java and Pulsar,https://www.slideshare.net/bunkertor/gsjug-mastering-data-streaming-pipelines-09may2023,https://www.youtube.com/watch?v=EoKEl9q_H0c&t=5428s&ab_channel=GardenStateJavaUserGroup,
Vancouver,C,5/10/2023,OSS Summit North America,Building Modern Data Streaming Apps with Open Source,https://www.youtube.com/watch?v=WvPqE8J3ZOE&pp=ygUOdGltIHNwYW5uIG5pZmk%3D,,
Raleigh,R,5/17/2023,IBM Data & AI Enablement,Cloudera DataFlow,,https://www.youtube.com/watch?v=9mYd4ISF8KY&list=PLlmpIaH7URGXvyslOrhSG8KAfZf56vtr3&index=61,
Virtual,C,5/23/2023,Pulsar Summit Europe,Building a Full Lifecycle Streaming Data Pipeline,https://www.slideshare.net/bunkertor/using-apache-nifi-with-apache-pulsar-for-fast-data-onramp,https://www.youtube.com/watch?v=X7m4nZH8bUw&pp=ygUOdGltIHNwYW5uIG5pZmk%3D,
Virtual,C,5/24/2023,Big Data Fest,,https://www.slideshare.net/ssuser73434e/bigdatafest-building-modern-data-streaming-apps-258024601,https://www.youtube.com/watch?v=qW9CP8Xngk4&list=PLlmpIaH7URGXvyslOrhSG8KAfZf56vtr3&index=64,
Virtual,C,5/30/2023,Tanzu Spring Pivotal,https://tanzu.vmware.com/developer/tv/golden-path/35/,https://www.youtube.com/watch?v=UZRvUyjNWmg&t=49s&pp=ygUOdGltIHNwYW5uIG5pZmk%3D,,
Virtual,C,6/8/2023,Budapest Data Forum,https://budapestdata.hu/2023/en/speakers/timothy-spann/,https://www.slideshare.net/bunkertor/budapest-dataml-building-modern-data-streaming-apps-with-nifi-flink-and-kafka,,
Virtual,C,6/14/2023,Cloudera Now 2023,https://www.cloudera.com/about/events/cloudera-now-cdp.html,https://www.slideshare.net/secret/zqt6sVd4XMeCoG,,
Virtual,C,6/26/2023,NLIT Summit,NiFi,,,
Virtual,M,6/28/2023,Streaming Meetup,"Streaming Pipelines Done Well, Not Well Done",https://www.slideshare.net/ssuser73434e/future-of-data-milwaukee-meetup-streaming-data-pipeline-development-28-june-2023,https://www.youtube.com/watch?v=1xFha8va7pg,
Virtual,C,7/27/2023,WeAreDevelopers World Congress,Building Real-Time Pipelines with FLank,https://www.slideshare.net/bunkertor/building-realtime-pipelines-with-flank-a-case-study-with-transit-data,,
NYC,C,8/23/2023,AI Dev Day,Data In Motion to Supercharge AI,https://www.slideshare.net/bunkertor/aidevday-datainmotion-to-supercharge-ai,,
Virtual,W,9/13/2023,Cloudera Now USA,Streaming AI,https://www.cloudera.com/about/events/cloudera-now-cdp.html?,,
Virtual,W,9/14/2023,Partner Skillup,Enable a Streaming CDC Solution Cloudera,https://www.slideshare.net/bunkertor/partnerskillupenable-a-streaming-cdc-solution,,
Sao Paulo,M,9/19/2023,Brasil Meetup,Data in Motion  ,https://www.slideshare.net/bunkertor/meetup-brasil-data-in-motion-2023-september-19-261164487,,
Sao Paulo,C,9/21/2023,Evolve Brasil,"Streaming Pipelines Done Well, Not Well Done",,https://br.cloudera.com/about/events/evolve/sao-paulo.html#register,
Virtual,V,9/21/2023,HTAP Summit,The Neverlanding Stream,https://www.slideshare.net/bunkertor/the-never-landing-stream-with-htap-and-streaming,,
Halifax,C,10/8/2023,Community over Code,2 talks,https://www.slideshare.net/bunkertor/coc23-looking-at-the-new-features-of-apache-nifi,https://www.slideshare.net/bunkertor/coc23utilizing-realtime-transit-data-for-travel-optimization,https://www.slideshare.net/bunkertor/coc23-lets-monitor-the-conditions-at-the-conference
NYC,M,10/26/2023,NYC Meetup,Adding Generative AI to Real-Time Streaming Pipelines,https://www.meetup.com/futureofdata-newyork/events/295516928/,https://www.slideshare.net/bunkertor/26oct2023adding-generative-ai-to-realtime-streaming-pipelines-nyc-meetup,
Virtual,W,10/26/2023,Cloudera Now EMEA,Streaming AI,https://www.cloudera.com/about/events/cloudera-now-cdp/emea.html,,
Virtual,V,11/1/2023,AI Dev World Virtual,Apache NiFi 101,https://www.slideshare.net/bunkertor/aidevworldapachenifi101-a533,,
Virtual,W,11/1/2023,DZone Events Data Pipelines,Roundtable on the modern stack,,,
NYC,C,11/2/2023,NYC Evolve,Streaming LLM,https://www.slideshare.net/bunkertor/evolve-2023-nyc-integrating-ai-into-realtime-data-pipelines-demo,https://web.cvent.com/event/fc2faaba-544f-4a2f-a386-660105003aa3/summary?cid=701Hr0000029jaLIAQ&keyplay=ALL&utm_campaign=FY24-Q2_AMER_Evolve_NYC_HUB&utm_medium=virtual-event&utm_source=resources-module,
Virtual,C,11/2/2023,FInOS NYC,Unlocking Financial Data with Real-Time Pipelines,,,
Virtual,C,11/21/2023,JCon World,Continuous SQL with Kafka and Flink,https://www.slideshare.net/bunkertor/jconworld-continuous-sql-with-kafka-and-flink,,
Virtual,C,11/22/2023,Big Data,Building Real-Time Travel Alerts,https://www.slideshare.net/bunkertor/building-realtime-travel-alerts,,
Virtual,C,11/23/2023,Data Science Summit,Integrating LLM with Streaming Data Pipelines,https://www.slideshare.net/bunkertor/endss23tspannintegrating-llm-with-streaming-data-pipelines,,
Virtual,C,12/14/2023,OSA Conference,Unlocking Financial Data with Real-Time Pipelines,,,
NYC,M,2/8/2024,NYOSDI Meetup,"Building Real-time Pipelines: A Case Study with Transit Data (Tim Spann, Cloudera)",https://www.slideshare.net/slideshows/ny-open-source-data-meetup-feb-8-2024-building-realtime-pipelines-with-flank-a-case-study-with-transit-data/266227433,https://www.youtube.com/watch?v=VjmC4J7KZgw&t=9s&pp=ygUOdGltIHNwYW5uIG5pZmk%3D,https://www.meetup.com/new-york-open-source-data-infrastructure-meetup/events/297484047/
Virtual,M,2/20/2024,DBA Fundamentals,Continuous SQL with Kafka and Flink,https://www.slideshare.net/slideshows/dba-fundamentals-group-continuous-sql-with-kafka-and-flink/266403113,https://www.youtube.com/@DBAFundamentals/videos,https://www.meetup.com/dba-fundamentals-group/events/296855261/
NYC,M,2/22/2024,AI Camp NYC,Codeless Generative AI Pipelines,https://www.slideshare.net/slideshows/2024-feb-ai-meetup-nyc-genaillmsmldata-codeless-generative-ai-pipelines/266444687,https://www.youtube.com/@AICamp/videos,https://www.aicamp.ai/event/eventdetails/W2024022214
NYC,M,2/28/2024,Future of Data Meetup,"Unlocking Financial Data with Real-Time Pipelines
(Flink Analytics on Stocks with SQL )",https://www.slideshare.net/slideshows/2024-february-28-nyc-meetup-unlocking-financial-data-with-realtime-pipelines/266539528,,
Virtual,C,2/29/2024,Conf42 Python,NiFi with Python and FLaNK,https://www.slideshare.net/slideshows/conf42pythonbuilding-apache-nifi-20-python-processors/266522007 https://www.slideshare.net/slideshows/conf42python-using-apache-nifi-apache-kafka-risingwave-and-apache-iceberg-with-stock-data-and-llm/266521940,,